<?xml version="1.0" encoding="UTF-8"?>
<project-private xmlns="http://www.netbeans.org/ns/project-private/1">
    <editor-bookmarks xmlns="http://www.netbeans.org/ns/editor-bookmarks/2" lastBookmarkId="0"/>
    <open-files xmlns="http://www.netbeans.org/ns/projectui-open-files/2">
        <group>
            <file>file:/C:/Users/Estudiante/Desktop/Transmilenio/src/Clases/Ruta.java</file>
            <file>file:/C:/Users/Estudiante/Desktop/Transmilenio/src/Clases/Estacion.java</file>
            <file>file:/C:/Users/Estudiante/Desktop/Transmilenio/src/Clases/Main.java</file>
            <file>file:/C:/Users/Estudiante/Desktop/Transmilenio/src/Clases/HorarioOperacional.java</file>
            <file>file:/C:/Users/Estudiante/Desktop/Transmilenio/src/Clases/Troncal.java</file>
            <file>file:/C:/Users/Estudiante/Desktop/Transmilenio/src/Clases/Bus.java</file>
            <file>file:/C:/Users/Estudiante/Desktop/Transmilenio/src/Clases/Transmilenio.java</file>
        </group>
    </open-files>
</project-private>
